{"1": [55.00000000000001, 0.0, 0], "2": [54.09836065573771, 0.0, 0], "3": [43.75, 0.0, 0], "4": [69.6969696969697, 0.0, 0], "5": [48.38709677419355, 0.0, 0], "6": [70.37037037037037, 0.0, 0], "7": [33.33333333333333, 0.0, 0], "8": [51.724137931034484, 0.0, 0], "9": [61.53846153846154, 0.0, 0], "10": [30.76923076923077, 0.0, 0], "11": [28.000000000000004, 0.0, 0], "12": [35.714285714285715, 0.0, 0], "13": [35.714285714285715, 0.0, 0], "14": [26.666666666666668, 0.0, 0], "15": [35.483870967741936, 0.0, 0], "16": [48.38709677419355, 0.0, 0], "17": [57.57575757575758, 0.0, 0], "18": [42.22222222222222, 0.0, 0], "19": [53.84615384615385, 0.0, 0], "20": [40.909090909090914, 0.0, 0], "21": [39.62264150943396, 0.0, 0], "22": [36.36363636363637, 0.0, 0], "23": [31.372549019607842, 0.0, 0], "24": [37.83783783783784, 1.3513513513513513, 0.20337347457547406], "25": [38.82352941176471, 1.1764705882352942, 0.1968954553349363], "26": [32.20338983050847, 3.389830508474576, 0.2925829125689177], "27": [31.868131868131865, 1.098901098901099, 0.2610417395687128], "28": [39.04761904761905, 0.9523809523809524, 0.2539983569042592], "29": [36.17021276595745, 2.127659574468085, 0.31216074456287213], "30": [21.649484536082475, 0.0, 0], "31": [21.49532710280374, 0.0, 0], "32": [39.00709219858156, 0.0, 0], "33": [28.333333333333332, 0.0, 0], "34": [28.47682119205298, 0.6622516556291391, 0.27543640637603684], "35": [38.775510204081634, 3.061224489795918, 0.36952548303828103], "36": [46.017699115044245, 3.5398230088495577, 0.39194512497069295], "37": [35.59322033898305, 0.847457627118644, 0.46507456611096065], "38": [36.6412213740458, 2.2900763358778624, 0.421322805962682], "39": [36.36363636363637, 2.272727272727273, 0.3976539545533204], "40": [51.80722891566265, 3.614457831325301, 0.34392217889664733], "41": [34.78260869565217, 2.898550724637681, 0.3306868597062325], "42": [34.21052631578947, 2.631578947368421, 0.4603186026292357], "43": [25.31645569620253, 1.2658227848101267, 0.4429871134407139], "44": [45.2991452991453, 4.273504273504273, 0.48100505510553104], "45": [40.397350993377486, 3.3112582781456954, 0.5222776277406095], "46": [38.59649122807017, 1.7543859649122806, 0.42475991183216993], "47": [40.18691588785047, 3.7383177570093453, 0.4717450978735216], "48": [46.875, 5.46875, 0.5706264543336781], "49": [40.397350993377486, 5.298013245033113, 0.53844325608858], "50": [36.84210526315789, 5.921052631578947, 0.538818377167223], "51": [48.837209302325576, 7.55813953488372, 0.5620837952150484], "52": [33.76623376623377, 3.896103896103896, 0.6063228432228098], "53": [42.331288343558285, 2.4539877300613497, 0.6085252236672901], "54": [49.32432432432432, 4.054054054054054, 0.5260026404100409], "55": [43.18181818181818, 7.386363636363637, 0.6077925279223275], "56": [40.476190476190474, 5.952380952380952, 0.6797372422970166], "57": [48.888888888888886, 10.555555555555555, 0.650330192165136], "58": [37.362637362637365, 4.395604395604396, 0.690895447716193], "59": [42.24598930481284, 9.090909090909092, 0.6959492646814929], "60": [45.07772020725388, 9.32642487046632, 0.7682256404673047], "61": [45.26315789473684, 10.0, 0.6693514979075283], "62": [45.33333333333333, 15.333333333333332, 0.7770267086268844], "63": [47.85276073619632, 15.337423312883436, 0.8112197085887788], "64": [45.88235294117647, 12.352941176470589, 0.8176927594770735], "65": [45.50561797752809, 17.415730337078653, 0.8396785117973414], "66": [39.08629441624365, 9.644670050761421, 0.825094198269374], "67": [42.93193717277487, 13.612565445026178, 0.8407274109802928], "68": [42.10526315789473, 13.684210526315791, 0.858393525616862], "69": [37.89473684210527, 13.157894736842104, 0.8851516482816134], "70": [42.857142857142854, 20.496894409937887, 0.7988463359814698], "71": [50.282485875706215, 27.11864406779661, 0.9452835095788212], "72": [45.78947368421053, 19.473684210526315, 0.970682847544848], "73": [52.112676056338024, 20.657276995305164, 1.0188486508307428], "74": [54.18994413407822, 26.81564245810056, 0.9835733313466136], "75": [54.20560747663551, 25.70093457943925, 1.0748690007949078], "76": [49.743589743589745, 23.589743589743588, 1.0515445704923199], "77": [41.125541125541126, 19.913419913419915, 1.0813032170673345], "78": [49.01960784313725, 25.98039215686275, 1.128290581168698], "79": [44.907407407407405, 18.51851851851852, 1.143165401385158], "80": [49.572649572649574, 27.77777777777778, 1.169538562100509], "81": [60.97560975609756, 25.365853658536587, 1.184978684928523], "82": [49.09090909090909, 21.818181818181817, 1.2342725019296046], "83": [57.345971563981045, 23.22274881516588, 1.2067758261900337], "84": [59.61538461538461, 34.13461538461539, 1.290741106528271], "85": [58.29383886255924, 25.59241706161137, 1.3330318782891803], "86": [49.763033175355446, 27.96208530805687, 1.2777351637520558], "87": [50.79365079365079, 23.809523809523807, 1.3510524189182087], "88": [52.21238938053098, 32.30088495575221, 1.3534922343756268], "89": [44.09448818897638, 20.47244094488189, 1.3839384863984876], "90": [60.88888888888889, 31.11111111111111, 1.44882737355787], "91": [54.04255319148936, 26.382978723404253, 1.4584404111187368], "92": [46.7680608365019, 22.0532319391635, 1.4907867670100092], "93": [44.48818897637795, 25.590551181102363, 1.4722668227960496], "94": [53.84615384615385, 32.388663967611336, 1.5224068806139954], "95": [61.34453781512605, 42.436974789915965, 1.5520710355960454], "96": [54.230769230769226, 33.84615384615385, 1.598106356701447], "97": [59.34065934065934, 29.67032967032967, 1.6220521364757379], "98": [54.826254826254825, 31.66023166023166, 1.6345804379807496], "99": [55.5956678700361, 29.96389891696751, 1.6642769700284048], "100": [54.90909090909091, 30.909090909090907, 1.6968716800254005], "101": [56.07843137254902, 33.33333333333333, 1.6916092687584237], "102": [59.07335907335908, 38.61003861003861, 1.643284885774543], "103": [57.03125, 35.9375, 1.7366884935782436], "104": [66.0377358490566, 42.26415094339623, 1.7408376881614511], "105": [56.12244897959183, 33.6734693877551, 1.7985460073447757], "106": [54.61254612546126, 33.94833948339483, 1.8012885675010983], "107": [58.46153846153847, 39.23076923076923, 1.7528204379823293], "108": [57.35294117647059, 36.76470588235294, 1.797304374200273], "109": [59.285714285714285, 36.78571428571429, 1.8165398783017577], "110": [61.29032258064516, 38.35125448028674, 1.8202419839120183], "111": [53.76712328767124, 33.21917808219178, 1.8285232673959535], "112": [59.57446808510638, 35.1063829787234, 1.8363289612114295]}