{"1": [1.0821315535890512], "2": [6.943295561009975], "3": [3.3106883900807795], "4": [16.152264422487793], "5": [15.403726241951324], "6": [10.55896449007061], "7": [10.755131853658012], "8": [19.589503789260828], "9": [27.717801486357452], "10": [22.752528978226703], "11": [24.53656490467959], "12": [30.62315437711441], "13": [33.70739802488326], "14": [28.003349908031264], "15": [42.953353972325395], "16": [33.7576964909189], "17": [47.23157738579911], "18": [35.57067030995007], "19": [43.39110499218706], "20": [31.687705798250366], "21": [37.69471951217788], "22": [29.61678810216797], "23": [30.688089854216827], "24": [43.28325094293497], "25": [37.95941578458308], "26": [30.330332998186286], "27": [36.75946753939087], "28": [40.09594333762167], "29": [49.00387400578561], "30": [30.473923943526916], "31": [36.675486081030975], "32": [37.03544892728619], "33": [33.067448344197736], "34": [29.922528348004562], "35": [43.19502113695285], "36": [52.97386725451725], "37": [47.85875787103945], "38": [48.86275143758745], "39": [46.63850669961309], "40": [59.71581109206711], "41": [43.61021824490206], "42": [41.6982293775341], "43": [39.030839361332], "44": [65.12202883977068], "45": [51.761370372754605], "46": [52.516875759538074], "47": [64.42940619919844], "48": [60.60845718095296], "49": [56.94747235388561], "50": [60.85540779750222], "51": [63.935126001845], "52": [61.21986596321396], "53": [61.50939007032749], "54": [65.42757395008222], "55": [69.1133168967722], "56": [65.04605292718922], "57": [76.91749271507214], "58": [71.04837806794372], "59": [71.79636707523416], "60": [77.46720979877664], "61": [75.4513999083683], "62": [98.11892646278665], "63": [100.64613376362838], "64": [89.45614954949937], "65": [98.71018430013547], "66": [82.03364604578249], "67": [90.55969210741164], "68": [95.21602845526587], "69": [90.23537899567236], "70": [108.89127625766498], "71": [121.55577699496452], "72": [109.09371392701532], "73": [104.08012125504328], "74": [127.02809875302518], "75": [115.1449045490557], "76": [122.60308527317115], "77": [103.33695739314796], "78": [119.23022658821773], "79": [116.60612488116024], "80": [117.43841867500795], "81": [125.68227655877878], "82": [121.11476059526001], "83": [127.72128140849702], "84": [141.279956220816], "85": [134.83153194599902], "86": [129.9403329383217], "87": [119.03869239753796], "88": [137.00505566919804], "89": [114.84921357698099], "90": [148.2982632833632], "91": [140.12113548346508], "92": [123.66602913451452], "93": [132.96577529320223], "94": [144.97227140148527], "95": [151.80236759794016], "96": [142.33266459639074], "97": [136.00093535753973], "98": [143.2319729890726], "99": [135.6424036259153], "100": [141.99109810476418], "101": [149.61956395040167], "102": [154.0566459098881], "103": [156.02772350852678], "104": [155.98906300313453], "105": [140.6482808423429], "106": [152.27074690824577], "107": [159.45099502198974], "108": [157.20561335849612], "109": [151.09311478814402], "110": [155.75433402421754], "111": [146.35924357105696], "112": [146.5153761800784]}