{"1": [53.086419753086425, 0.0, 0.0, 0.009187650880729878], "2": [44.0, 0.0, 0.0, 0.01215099927309145], "3": [45.83333333333333, 0.0, 0.0, 0.013419514610471557], "4": [31.428571428571427, 0.0, 0.0, 0.017708363576665734], "5": [66.66666666666666, 0.0, 0.0, 0.028128436059381166], "6": [35.714285714285715, 0.0, 0.0, 0.022325246536723267], "7": [23.52941176470588, 0.0, 0.0, 0.024521119175113033], "8": [47.82608695652174, 0.0, 0.0, 0.028206639343573855], "9": [33.33333333333333, 0.0, 0.0, 0.027073936236512344], "10": [31.914893617021278, 0.0, 0.0, 0.029414675122191196], "11": [21.311475409836063, 0.0, 0.0, 0.03142575593317275], "12": [21.62162162162162, 0.0, 0.0, 0.03044608686775306], "13": [24.324324324324326, 0.0, 0.0, 0.031079347953239547], "14": [33.33333333333333, 0.0, 0.0, 0.027711369727700958], "15": [30.952380952380953, 0.0, 0.0, 0.031176170974142034], "16": [16.831683168316832, 0.0, 0.0, 0.026606702525431902], "17": [13.725490196078432, 0.0, 0.0, 0.03013433620671617], "18": [22.772277227722775, 0.0, 0.0, 0.029274104905463654], "19": [24.210526315789473, 0.0, 0.0, 0.02853905581851726], "20": [23.25581395348837, 0.0, 0.0, 0.03039800725513812], "21": [24.731182795698924, 0.0, 0.0, 0.03032638704607206], "22": [21.428571428571427, 0.0, 0.0, 0.026359706848062187], "23": [26.126126126126124, 0.0, 0.0, 0.026991924452726163], "24": [37.142857142857146, 2.857142857142857, 49.74, 0.036422048560386645], "25": [41.05263157894737, 2.1052631578947367, 44.22, 0.037259365441854396], "26": [18.6046511627907, 0.0, 0.0, 0.03086749261005768], "27": [34.21052631578947, 1.3157894736842104, 81.12, 0.037680109809860245], "28": [20.0, 0.0, 0.0, 0.037565403606530705], "29": [28.947368421052634, 1.3157894736842104, 75.76, 0.03926488686962051], "30": [30.0, 0.0, 0.0, 0.0364834488319128], "31": [34.065934065934066, 4.395604395604396, 37.855, 0.04038156474132507], "32": [41.74757281553398, 2.912621359223301, 47.766666666666666, 0.043891219923664626], "33": [42.34234234234234, 3.6036036036036037, 46.489999999999995, 0.043874045717477266], "34": [31.914893617021278, 1.0638297872340425, 45.660000000000004, 0.040936590866865546], "35": [31.2, 0.8, 39.82, 0.04080863680999603], "36": [38.297872340425535, 4.25531914893617, 37.405, 0.048536478242681966], "37": [43.13725490196079, 4.901960784313726, 33.864, 0.05481339949097196], "38": [26.24113475177305, 4.25531914893617, 32.79333333333334, 0.04423537312950775], "39": [30.37037037037037, 5.9259259259259265, 32.265, 0.05142233539497281], "40": [36.283185840707965, 5.3097345132743365, 41.29333333333333, 0.04785809211303953], "41": [35.65217391304348, 7.82608695652174, 33.22888888888889, 0.054804411661522], "42": [33.84615384615385, 4.615384615384616, 24.626666666666665, 0.05551107114495331], "43": [42.62295081967213, 9.01639344262295, 31.016363636363636, 0.05655884894788743], "44": [28.8135593220339, 5.084745762711865, 38.49666666666667, 0.04545054023178323], "45": [37.878787878787875, 3.0303030303030303, 32.12, 0.04716738128686943], "46": [38.75, 5.0, 24.0475, 0.04571975704807552], "47": [43.93939393939394, 10.606060606060606, 23.898571428571426, 0.056532116853080176], "48": [33.33333333333333, 6.140350877192982, 28.939999999999998, 0.058854116618986825], "49": [41.95804195804196, 16.783216783216783, 27.441666666666663, 0.0700232120724488], "50": [49.382716049382715, 14.19753086419753, 23.32782608695652, 0.06678998450364543], "51": [45.45454545454545, 21.96969696969697, 24.455862068965516, 0.08265606329176803], "52": [55.03875968992248, 20.155038759689923, 20.826153846153847, 0.08676148929837475], "53": [41.72185430463576, 17.880794701986755, 22.291111111111114, 0.07442465567509254], "54": [56.02836879432624, 21.98581560283688, 24.052258064516128, 0.0757822073208987], "55": [45.94594594594595, 20.945945945945947, 23.314838709677417, 0.08018310205947556], "56": [52.5, 18.75, 21.85133333333333, 0.08336060503767637], "57": [70.2127659574468, 37.5886524822695, 20.866792452830186, 0.10673985188737117], "58": [54.83870967741935, 27.741935483870968, 17.90511627906977, 0.09249398137985232], "59": [53.74149659863946, 31.97278911564626, 19.42255319148936, 0.1007904144133134], "60": [63.39869281045751, 35.294117647058826, 18.825925925925926, 0.10462527995142548], "61": [59.25925925925925, 37.65432098765432, 17.89639344262295, 0.10404291448794381], "62": [64.24242424242425, 38.78787878787879, 17.905625, 0.10521074517439724], "63": [54.18994413407822, 30.16759776536313, 16.929259259259258, 0.09354824458243766], "64": [49.45054945054945, 33.51648351648351, 16.981967213114753, 0.10219368883832369], "65": [61.142857142857146, 40.0, 15.366857142857143, 0.11298384333095579], "66": [67.81609195402298, 45.40229885057471, 15.654177215189874, 0.11496638438602126], "67": [50.73891625615764, 31.527093596059114, 16.0584375, 0.09949694312590439], "68": [48.82629107981221, 30.985915492957744, 14.795757575757577, 0.09639399060834825], "69": [53.233830845771145, 32.83582089552239, 14.678484848484846, 0.10289308724600521], "70": [57.92349726775956, 43.71584699453552, 14.6965, 0.11980322328319926], "71": [53.84615384615385, 40.0, 14.726666666666668, 0.10866989634184115], "72": [50.45045045045045, 33.33333333333333, 13.86945945945946, 0.10636097744611801], "73": [60.36866359447005, 40.09216589861751, 13.53609195402299, 0.11060100166982072], "74": [62.88659793814433, 47.93814432989691, 13.386666666666667, 0.12593226961982412], "75": [58.77192982456141, 40.35087719298245, 12.775217391304347, 0.1123359012704353], "76": [51.80722891566265, 33.33333333333333, 11.906265060240964, 0.10493131884159199], "77": [52.38095238095239, 35.064935064935064, 12.942716049382716, 0.11131111468982667], "78": [60.0, 46.666666666666664, 11.912244897959184, 0.12803680473069953], "79": [55.64516129032258, 36.693548387096776, 11.777362637362637, 0.1110867933953233], "80": [57.20524017467249, 41.04803493449782, 11.617234042553191, 0.12164076453822065], "81": [60.0, 45.33333333333333, 11.40686274509804, 0.12253466391726368], "82": [57.48031496062992, 33.85826771653544, 11.003255813953487, 0.10877091770347513], "83": [53.515625, 38.671875, 11.071919191919191, 0.1154125773978255], "84": [56.59574468085107, 40.42553191489361, 11.273894736842106, 0.1244237168422061], "85": [59.83606557377049, 43.44262295081967, 11.363396226415093, 0.12468964450626649], "86": [58.333333333333336, 39.39393939393939, 11.477307692307692, 0.11450228516824777], "87": [53.75939849624061, 37.96992481203007, 10.808712871287128, 0.11458052301669443], "88": [56.37065637065637, 38.996138996138995, 10.747128712871287, 0.1192136141489777], "89": [63.114754098360656, 45.08196721311475, 10.602727272727272, 0.12719995821601013], "90": [44.40677966101695, 30.847457627118647, 10.149230769230769, 0.10540720353029276], "91": [62.139917695473244, 46.50205761316872, 10.62424778761062, 0.13609300253733653], "92": [57.25490196078431, 40.78431372549019, 10.553269230769232, 0.12403818223046782], "93": [54.826254826254825, 42.084942084942085, 10.518715596330276, 0.12687401763877088], "94": [55.434782608695656, 38.768115942028984, 10.349345794392523, 0.12165352803205369], "95": [58.778625954198475, 42.36641221374045, 9.749729729729731, 0.12735560173303836], "96": [56.9811320754717, 47.16981132075472, 9.653599999999999, 0.1322617674064572], "97": [57.81818181818181, 42.54545454545455, 9.847521367521367, 0.124521445650184], "98": [55.27272727272727, 39.27272727272727, 10.003703703703703, 0.1281635298706813], "99": [52.06349206349207, 35.87301587301587, 9.178407079646018, 0.11401860662238823], "100": [55.670103092783506, 41.92439862542955, 9.39016393442623, 0.1251783768812491], "101": [52.92096219931272, 40.20618556701031, 9.304102564102564, 0.12440682194426637], "102": [61.71003717472119, 45.72490706319702, 9.440975609756098, 0.13166277675567], "103": [56.20689655172414, 40.689655172413794, 9.298813559322035, 0.12447667231985275], "104": [59.55882352941176, 46.69117647058824, 9.351496062992126, 0.13696748754357085],