{"1": [1.7891936224611669], "2": [6.0324923565281745], "3": [7.548949256293717], "4": [12.897322795872238], "5": [26.690228252293124], "6": [19.588966149996146], "7": [22.995702174783787], "8": [27.57010950882189], "9": [27.928780818981224], "10": [31.41104386913694], "11": [35.3195811814844], "12": [33.98685637261021], "13": [34.99784447106102], "14": [29.951185667614247], "15": [34.81676869842162], "16": [28.37344028430834], "17": [33.143901894482646], "18": [32.23437620620751], "19": [31.092013595743285], "20": [33.80048887852074], "21": [33.420259962601136], "22": [28.055609913164503], "23": [28.63193204629324], "24": [42.54056603412677], "25": [43.51655367596557], "26": [33.992725885775755], "27": [43.704956225497185], "28": [43.182733799013036], "29": [45.506894012287425], "30": [41.53202283434997], "31": [48.34370458831253], "32": [52.90313001516465], "33": [53.46658195530417], "34": [48.02098806380641], "35": [47.960132798009624], "36": [59.765184797510706], "37": [68.55365006854372], "38": [53.791894560809034], "39": [64.33788694116318], "40": [58.53251134644828], "41": [68.8137870993546], "42": [69.62125469702534], "43": [71.13052473477916], "44": [54.248054575297], "45": [57.32694211341154], "46": [55.81764839177365], "47": [72.14375311459668], "48": [74.0693004766083], "49": [92.78233042910085], "50": [87.38038489859694], "51": [111.42568577382956], "52": [116.36486928933157], "53": [98.76947409328352], "54": [100.51369435317245], "55": [107.17417067935708], "56": [111.2991233031245], "57": [147.7582828905887], "58": [125.15632550270546], "59": [137.36732146909534], "60": [143.2662403218537], "61": [142.65921723113928], "62": [144.58892553320973], "63": [126.29664531678058], "64": [138.6895339418187], "65": [154.5746448654153], "66": [158.03983940017022], "67": [133.517167899677], "68": [129.07041968653516], "69": [138.45362356551047], "70": [163.51968638239242], "71": [147.1570340944146], "72": [142.1627840162228], "73": [148.62459326526437], "74": [170.8079985575871], "75": [150.44706814672432], "76": [138.70873572343004], "77": [147.54059720340663], "78": [171.78053229210857], "79": [146.7471017870008], "80": [161.3087028830531], "81": [163.37586076370852], "82": [142.08655074883222], "83": [151.36461055257442], "84": [163.42544182326264], "85": [164.12302252071234], "86": [149.92359790460978], "87": [149.35896896224372], "88": [155.80542824414715], "89": [166.69079855572502], "90": [135.43536449064086], "91": [178.02609587015738], "92": [161.42676736456605], "93": [164.8476811292183], "94": [157.0180863891519], "95": [164.95219073582462], "96": [171.26610640279065], "97": [160.86453724388352], "98": [164.37723539101046], "99": [144.8955225636074], "100": [160.3737336512473], "101": [158.88212025349463], "102": [169.63830655733804], "103": [158.7318683182147], "104": [176.04085756121745], "105": [160.90420436416076], "106": [153.32319011446504], "107": [165.0027637920183], "108": [157.68580574960953], "109": [160.49931894301446], "110": [166.07241621600673], "111": [171.74187950373567], "112": [167.23455356771083], "113": [155.3436106279681], "114": [158.07091053689842], "115": [176.55245993388428], "116": [171.81204053918273], "117": [165.96542033359296], "118": [167.58330787192517], "119": [172.0475707478077], "120": [166.71159450404517], "121": [177.8203547095618], "122": [175.47712964176284], "123": [181.83102709258242], "124": [164.7385287788279], "125": [153.41278475308283], "126": [158.1698126685224], "127": [175.11397907286891], "128": [162.25459516674815], "129": [158.25483888551938], "130": [174.57889626100638], "131": [175.50110973915676], "132": [180.37535359934097], "133": [185.0781999022627], "134": [188.65459324396625], "135": [181.75660347742414], "136": [188.83804279150414], "137": [183.10797567529076], "138": [189.46126895429336], "139": [177.48295234696326], "140": [183.95921420613297], "141": [177.03964168891216], "142": [170.04117005879613], "143": [188.18816136063776], "144": [177.20554678303833], "145": [184.43679538310727], "146": [170.90928316049323], "147": [177.61562733351502], "148": [171.5052947686118], "149": [183.15074575230668], "150": [169.3117168280285], "151": [167.77036173485808], "152": [185.51864930438495], "153": [195.26356671822373], "154": [184.03120985093238], "155": [178.107130736715], "156": [178.70054799125447], "157": [197.31363331431365], "158": [177.39986477003174], "159": [184.31423674337603], "160": [182.53257248346364], "161": [182.2815992013084], "162": [176.9197549780231], "163": [173.7204321193238], "164": [189.70503827034452], "165": [186.75892601427242], "166": [185.31203976719007], "167": [185.3598264205133], "168": [181.611592299128], "169": [181.63277533922053], "170": [199.30998541095838], "171": [188.42453970876494], "172": [193.48388579172826], "173": [197.04218352886525], "174": [196.38614890114826], "175": [189.24578121633797], "176": [199.6575739841176], "177": [186.33156770207762], "178": [179.04502723973113], "179": [183.93133640546674], "180": [187.85639730943015], "181": [190.42201051692706], "182": [188.94260816162384], "183": [189.31159731286985], "184": [190.31524656763463], "185": [182.71323590833575], "186": [186.8438439654748], "187": [189.79509675985767], "188": [180.15270997126783], "189": [192.8135868295219], "190": [189.48548346962207], "191": [193.1783692795829], "192": [200.5978681202167], "193": [200.72814299681016], "194": [186.2381766737831], "195": [189.38043891573946], "196": [203.28768071950867], "197": [192.27528915453883], "198": [198.98692091279992], "199": [184.35148337845752], "200": [193.57131701761705], "201": [199.72901130528115], "202": [194.64035191380793], "203": [187.83930843978325], "204": [192.9446046981324], "205": [201.27266150677954], "206": [200.32350496121185], "207": [198.5001415606115], "208": [193.64986804035635], "209": [195.70912341102303], "210": [203.92307596654848], "211": [194.14044471215823], "212": [198.51466546066484], "213": [196.43417345380476], "214": [207.70386800348965], "215": [190.87275571404018], "216": [183.24681045959014], "217": [193.8680759219846], "218": [185.44377048752418], "219": [203.13472739226276], "220": [204.55487029239035], "221": [199.13528452172184], "222": [192.14774078455062], "223": [197.38918113179216], "224": [200.1341359388256], "225": [196.64004193646892], "226": [196.4936313469221], "227": [197.2416477055189], "228": [191.41237088200006], "229": [200.80071506440345], "230": [182.54193551686657], "231": [185.8047235719867], "232": [193.92395642375465], "233": [192.43870028148166], "234": [186.66388240916882], "235": [198.2896337983742], "236": [184.6567573341777]}