{"1": [43.82022471910113, 0.0, 0.0, 0.008026663762407509], "2": [60.526315789473685, 0.0, 0.0, 0.011066070650602342], "3": [63.63636363636363, 0.0, 0.0, 0.014431343807195754], "4": [84.0, 0.0, 0.0, 0.02536794063668012], "5": [66.66666666666666, 0.0, 0.0, 0.024600954877539064], "6": [38.095238095238095, 0.0, 0.0, 0.01999127799504127], "7": [42.22222222222222, 0.0, 0.0, 0.02131665097208036], "8": [30.76923076923077, 0.0, 0.0, 0.02330237372127175], "9": [48.57142857142857, 0.0, 0.0, 0.024285364931254768], "10": [60.0, 0.0, 0.0, 0.025228397476140592], "11": [48.717948717948715, 0.0, 0.0, 0.03107450899143169], "12": [54.285714285714285, 0.0, 0.0, 0.03199226894701453], "13": [42.857142857142854, 0.0, 0.0, 0.03525912689945771], "14": [32.142857142857146, 0.0, 0.0, 0.03263381912838261], "15": [27.536231884057973, 0.0, 0.0, 0.03153116349007982], "16": [37.93103448275862, 0.0, 0.0, 0.036726383614637315], "17": [19.480519480519483, 0.0, 0.0, 0.03198118495962189], "18": [32.5, 0.0, 0.0, 0.0328864474010756], "19": [26.0, 0.0, 0.0, 0.03256209559497953], "20": [30.555555555555557, 0.0, 0.0, 0.04105960638343019], "21": [28.35820895522388, 0.0, 0.0, 0.03592675190983471], "22": [24.271844660194176, 0.0, 0.0, 0.03437461078990634], "23": [30.909090909090907, 0.9090909090909091, 30.620000000000005, 0.029375232058771544], "24": [32.71028037383177, 0.0, 0.0, 0.032308285712154654], "25": [25.862068965517242, 0.0, 0.0, 0.03544182917084608], "26": [29.310344827586203, 0.0, 0.0, 0.03661138258723754], "27": [28.440366972477065, 1.834862385321101, 33.78, 0.03978348764068626], "28": [21.16788321167883, 0.7299270072992701, 57.54, 0.03387847170025048], "29": [25.0, 0.0, 0.0, 0.031609959059654365], "30": [45.45454545454545, 0.7575757575757576, 30.819999999999997, 0.03654751661641614], "31": [32.35294117647059, 1.4705882352941175, 35.480000000000004, 0.038093942002692956], "32": [34.64052287581699, 0.6535947712418301, 27.02, 0.03608928130584867], "33": [35.84905660377358, 2.515723270440252, 35.730000000000004, 0.040272359071532], "34": [41.04477611940299, 2.2388059701492535, 25.979999999999997, 0.044266254972266376], "35": [30.48780487804878, 4.878048780487805, 26.5875, 0.04138256968247187], "36": [38.80597014925373, 2.9850746268656714, 24.875, 0.04271753586239502], "37": [24.293785310734464, 0.5649717514124294, 23.7, 0.034847129690121284], "38": [28.654970760233915, 1.1695906432748537, 24.4, 0.03488792001230171], "39": [33.33333333333333, 3.8461538461538463, 27.453333333333337, 0.039190711662953966], "40": [31.645569620253166, 1.2658227848101267, 22.1, 0.04176227794285064], "41": [22.535211267605636, 2.112676056338028, 32.553333333333335, 0.04076380288708167], "42": [18.823529411764707, 1.7647058823529411, 27.553333333333335, 0.036363389836841384], "43": [33.33333333333333, 3.3333333333333335, 25.016, 0.046990253551022126], "44": [37.423312883435585, 3.6809815950920246, 26.363333333333333, 0.044308590590198205], "45": [41.17647058823529, 2.3529411764705883, 23.82, 0.04414937785043477], "46": [41.605839416058394, 8.02919708029197, 24.367272727272727, 0.05442111144302653], "47": [35.294117647058826, 2.941176470588235, 26.655, 0.04840881397440632], "48": [52.702702702702695, 6.081081081081082, 22.317777777777778, 0.056388721211203294], "49": [39.42857142857143, 4.0, 23.482857142857142, 0.050392162318336], "50": [43.31210191082803, 7.006369426751593, 26.178181818181816, 0.054890518976978164], "51": [42.35294117647059, 7.647058823529412, 22.45230769230769, 0.05720662613203871], "52": [44.21768707482993, 6.802721088435375, 21.556, 0.061592127108614135], "53": [40.11299435028249, 6.214689265536723, 20.874545454545455, 0.053147755374556335], "54": [46.62576687116564, 11.65644171779141, 20.578947368421055, 0.06372331535918062], "55": [50.943396226415096, 10.69182389937107, 20.245882352941173, 0.0660643387374198], "56": [52.976190476190474, 8.333333333333332, 16.865714285714287, 0.0684047441268448], "57": [47.90419161676647, 13.77245508982036, 17.380000000000003, 0.06528829574143528], "58": [43.35260115606936, 8.092485549132949, 18.412857142857142, 0.06665787899116096], "59": [45.45454545454545, 9.090909090909092, 17.01625, 0.06576274709041258], "60": [45.1219512195122, 7.926829268292683, 19.94153846153846, 0.0700659167166523], "61": [39.75903614457831, 10.240963855421686, 18.33529411764706, 0.06423676744346563], "62": [40.42553191489361, 7.9787234042553195, 15.637333333333334, 0.06757550499828704], "63": [45.55555555555556, 7.777777777777778, 17.34428571428571, 0.06936281722229183], "64": [49.494949494949495, 11.11111111111111, 16.54909090909091, 0.0702141582704361], "65": [44.44444444444444, 12.121212121212121, 16.29416666666667, 0.06798345901304773], "66": [44.16243654822335, 9.137055837563452, 17.523333333333333, 0.07191660498556353], "67": [47.76119402985074, 14.925373134328357, 15.442666666666666, 0.07289522332722376], "68": [45.28301886792453, 14.150943396226415, 15.624666666666668, 0.07581154826777832], "69": [40.95238095238095, 11.428571428571429, 15.384999999999998, 0.07433976408939083], "70": [58.88888888888889, 18.88888888888889, 14.540000000000001, 0.09048768644172277], "71": [43.39622641509434, 16.50943396226415, 16.04057142857143, 0.07615617062950228], "72": [47.05882352941176, 14.705882352941178, 14.724, 0.08279905509938708], "73": [56.39810426540285, 15.165876777251185, 15.74625, 0.08388070149459449], "74": [54.871794871794876, 26.153846153846157, 15.766274509803925, 0.0962376860228087], "75": [45.14563106796117, 16.50485436893204, 13.888235294117646, 0.08443014995529664], "76": [53.91705069124424, 23.963133640552993, 14.778461538461537, 0.08826834527813565], "77": [57.345971563981045, 28.436018957345972, 14.334333333333335, 0.09289660866565658], "78": [54.773869346733676, 29.145728643216078, 14.426896551724136, 0.09870633863319508], "79": [52.52525252525253, 27.27272727272727, 13.807407407407407, 0.10032982969118126], "80": [51.48936170212765, 21.70212765957447, 13.281568627450982, 0.0882204893004788], "81": [40.71146245059288, 16.600790513833992, 12.405714285714286, 0.0794815613906562], "82": [44.44444444444444, 25.925925925925924, 13.101071428571428, 0.09783703445785934], "83": [50.0, 27.232142857142854, 13.8672131147541, 0.09900703138964528], "84": [48.29059829059829, 20.085470085470085, 12.858297872340424, 0.09200558924945952], "85": [56.481481481481474, 30.555555555555557, 13.192727272727273, 0.10461882005306988], "86": [42.06008583690987, 20.171673819742487, 12.56936170212766, 0.09560861363621549], "87": [50.672645739910315, 27.802690582959645, 12.263870967741937, 0.10176397742492221], "88": [46.15384615384615, 23.846153846153847, 12.260645161290322, 0.09278961502630906], "89": [52.94117647058824, 30.252100840336134, 12.623055555555556, 0.10334413286553239], "90": [44.827586206896555, 21.455938697318008, 11.846785714285714, 0.09164859047278594], "91": [44.74708171206226, 24.124513618677042, 11.980967741935483, 0.09569803230234461], "92": [45.9915611814346, 29.535864978902953, 11.80057142857143, 0.10250748767473498], "93": [49.01960784313725, 25.882352941176475, 11.961818181818181, 0.10094981968869499], "94": [40.725806451612904, 27.419354838709676, 11.591764705882355, 0.1021769213851792], "95": [48.33948339483395, 26.199261992619927, 11.444225352112676, 0.09900100470538542], "96": [51.515151515151516, 31.060606060606062, 10.571219512195121, 0.10057659560063353], "97": [55.55555555555556, 36.324786324786324, 11.954823529411765, 0.1153536584568555], "98": [69.54732510288066, 38.68312757201646, 10.828510638297875, 0.11593854361472045], "99": [57.03703703703704, 32.96296296296296, 10.586741573033708, 0.10574837887587596], "100": [57.09090909090909, 31.636363636363633, 10.634022988505746, 0.10748449856423396], "101": [57.63358778625955, 41.221374045801525, 10.591851851851853, 0.11434810208077678], "102": [55.3030303030303, 35.60606060606061, 10.36, 0.1112840855920882], "103": [51.85185185185185, 33.33333333333333, 10.650666666666666, 0.10643128208220246],