{"1": [0.304943278915353], "2": [4.558896354051218], "3": [8.851887887836215], "4": [22.875990154531], "5": [22.72550597523613], "6": [16.84911491399277], "7": [19.061249626745976], "8": [21.453310141642014], "9": [23.807722099858758], "10": [23.92067795283789], "11": [33.938182305512576], "12": [35.2128910368402], "13": [40.759244737849095], "14": [36.719436799092115], "15": [35.4622187581638], "16": [42.52711457399228], "17": [35.94468357248322], "18": [37.29915315643815], "19": [36.053937728135075], "20": [47.405633443494686], "21": [40.97042237609759], "22": [39.23190225715219], "23": [32.046158687304754], "24": [35.65660354642691], "25": [40.80303127941972], "26": [41.63722588916105], "27": [46.65237462310152], "28": [38.37471360990489], "29": [34.91381827070971], "30": [42.44364758307363], "31": [44.538017664385215], "32": [41.21925840677597], "33": [45.45082394626052], "34": [50.85085464544392], "35": [49.84860602532615], "36": [49.46542474662356], "37": [38.89447221719003], "38": [39.52367454016669], "39": [45.44710387894421], "40": [48.323612655892916], "41": [48.2075113346062], "42": [42.015952805887025], "43": [56.76750352191256], "44": [53.49032468137249], "45": [52.501671564259894], "46": [68.45655774053459], "47": [58.23954648843604], "48": [70.125013702931], "49": [61.46840714263352], "50": [67.4997717278541], "51": [71.55407540296524], "52": [76.7532343500577], "53": [64.6461729349824], "54": [81.11523846086389], "55": [84.14845259814184], "56": [85.26099945208678], "57": [81.94432126760854], "58": [81.41089316387244], "59": [81.80610027445057], "60": [86.80685456172296], "61": [80.07014373624787], "62": [82.19354213924828], "63": [85.88414113111791], "64": [87.58234686856804], "65": [86.02507854231901], "66": [90.38680940090083], "67": [92.26228177447818], "68": [95.47332417458148], "69": [92.91323037561034], "70": [113.96458908156637], "71": [97.26088004834205], "72": [104.98311845794956], "73": [107.035810516425], "74": [126.79555755852772], "75": [107.57426737487955], "76": [114.56326614636491], "77": [123.25365696799035], "78": [130.9163035162181], "79": [132.10320930042977], "80": [114.1613521851099], "81": [100.97607284683251], "82": [127.64233139755237], "83": [129.3194441009584], "84": [118.78684718582126], "85": [136.88134509807583], "86": [122.59426337690897], "87": [131.74823970908915], "88": [120.15286143239517], "89": [134.68419012937838], "90": [115.47552839412677], "91": [122.5492968327833], "92": [132.5409459423764], "93": [129.83895465020217], "94": [132.25819542236158], "95": [127.78347131647642], "96": [129.830509798828], "97": [151.0118892621509], "98": [150.87924359214864], "99": [137.32525561592263], "100": [138.82475049963566], "101": [149.52991206138861], "102": [144.09646752434742], "103": [136.97813134208573], "104": [138.01567705706947], "105": [153.84271059117012], "106": [147.47686269017166], "107": [146.00686742686509], "108": [154.28783650482143], "109": [148.82732005183522], "110": [156.11551951286108], "111": [148.19558090876018], "112": [155.88780713110285], "113": [152.12559682689624], "114": [145.01285270106956], "115": [145.014715738839], "116": [139.78444347650674], "117": [151.30099496849013], "118": [152.31712232515048], "119": [145.21684019550716], "120": [157.77570207901695], "121": [158.16687030829283], "122": [140.58854703714468], "123": [147.17535182322763], "124": [172.4854852946084], "125": [161.84850301234238], "126": [157.3103615317165], "127": [156.793686384533], "128": [145.49637501853252], "129": [158.30054073888277], "130": [147.21875732196344], "131": [155.13410479216628], "132": [162.29662691969588], "133": [156.3435867067283], "134": [172.3052365221768], "135": [161.5076531918568], "136": [176.37195026923166], "137": [163.8700025682944], "138": [161.19689863895084], "139": [164.4801752521304], "140": [167.09112246533172], "141": [166.43032783845277], "142": [145.30574362331484], "143": [152.028518325948], "144": [162.78386190944022], "145": [160.6133716524991], "146": [169.30892917089977], "147": [157.01719666856042], "148": [167.6795186686138], "149": [147.4506711165131], "150": [165.11726219641747], "151": [161.7973699058132], "152": [171.92177151741302], "153": [163.7063247717415], "154": [173.88083193837977], "155": [163.91566763807768], "156": [155.6826241058538], "157": [166.9769605195832], "158": [154.85370795972014], "159": [176.81132608086997], "160": [169.89271792786957], "161": [165.33391948252788], "162": [182.46148611469928], "163": [163.70174180666373], "164": [156.55970137295864], "165": [165.35302769169954], "166": [162.09209961875962], "167": [167.89467837018586], "168": [159.56737133739176], "169": [172.4207914551583], "170": [166.35403420967657], "171": [167.46966278669996], "172": [175.75347439549373], "173": [167.92249495579514], "174": [173.1710573912852], "175": [170.22973809352308], "176": [174.01948414331596], "177": [168.3195809064942], "178": [160.87142550262493], "179": [169.66375653640816], "180": [183.5399033517864], "181": [174.19989934485403], "182": [172.25117626010723], "183": [170.81196082626911], "184": [173.55555628201117], "185": [171.26567200766073], "186": [174.22228930078938], "187": [186.2285800134943], "188": [180.4728367466], "189": [172.88815065269924], "190": [177.32198652111504], "191": [172.06118298878002], "192": [180.32378495385095], "193": [178.73495472649785], "194": [176.74142481530384], "195": [177.6218997288734], "196": [177.70278059624937], "197": [180.34235089556435], "198": [176.2323664550609], "199": [182.1418210932102], "200": [188.90185935817783], "201": [187.03236192802254], "202": [186.51395367223284], "203": [189.88024977813654], "204": [181.93344512808116], "205": [170.77583066597973], "206": [184.96008867328115], "207": [175.03534341225495], "208": [181.58435561729317]}