{"1": [40.43624161073826, 16.610738255033556, 3.153414416653757], "2": [44.5045045045045, 20.54054054054054, 3.1187376493976577], "3": [43.36734693877551, 18.70748299319728, 3.123896514232454], "4": [39.419795221843, 17.064846416382252, 3.125249853115175], "5": [39.24466338259442, 17.898193760262725, 3.144305440829423], "6": [44.922547332185886, 20.481927710843372, 3.122413747349441], "7": [47.285464098073554, 21.541155866900176, 3.128076634465931], "8": [41.344537815126046, 20.504201680672267, 3.1453975024923984], "9": [44.312393887945674, 20.0339558573854, 3.131382276559243], "10": [43.91534391534391, 19.400352733686066, 3.1264071761290384], "11": [43.29896907216495, 19.587628865979383, 3.1495030175570227], "12": [41.891891891891895, 18.91891891891892, 3.175641240895688], "13": [37.315875613747956, 16.857610474631752, 3.153648868437717], "14": [43.29896907216495, 19.587628865979383, 3.136851604397965], "15": [42.23385689354276, 18.1500872600349, 3.129747409635767]}