{"1": [107.37070304093899], "2": [115.79653998869213], "3": [108.37881137904816], "4": [108.64158795712831], "5": [105.14578980735372], "6": [110.58049165365648], "7": [112.62194698858927], "8": [108.48649653341205], "9": [109.60387341960787], "10": [113.11682266874361], "11": [110.16623680408124], "12": [108.27052338063031], "13": [104.06160398464229], "14": [110.16519308972971], "15": [112.49031276381746]}