{"1": [2.777049355569071], "2": [4.862531882509835], "3": [7.215935260083646], "4": [5.195004065867176], "5": [11.737519202356077], "6": [16.05488289653693], "7": [10.552670963389401], "8": [14.477842606676584], "9": [22.382046305893144], "10": [16.364516781681342], "11": [24.9435496533363], "12": [22.7237629101695], "13": [19.56300277852675], "14": [19.050625618395653], "15": [34.36979330025952], "16": [29.335171573425043], "17": [34.47629983219829], "18": [37.412321647242706], "19": [25.61649424910765], "20": [24.894805787555995], "21": [27.557568520931085], "22": [26.917701489815506], "23": [17.697057086723706], "24": [27.6515722516853], "25": [23.824731628168298], "26": [31.30802669977608], "27": [29.83410777200974], "28": [27.40979559149514], "29": [38.4655653967117], "30": [33.46482655765554], "31": [35.266978301960606], "32": [36.92731309187542], "33": [39.13672355162346], "34": [42.3231959508076], "35": [34.67621818743634], "36": [50.47430686003498], "37": [44.423779761768785], "38": [49.10906764283241], "39": [42.506702666041214], "40": [39.307847734535], "41": [44.11593039269427], "42": [53.498252554539675], "43": [49.523658115952074], "44": [45.75118340014244], "45": [59.836041322451734], "46": [52.35489413433564], "47": [54.159998899906974], "48": [70.76840904132646], "49": [68.40103154898446], "50": [58.58233845376241], "51": [67.37151523388638], "52": [56.1551220662154], "53": [54.11434175773167], "54": [76.14647626006759], "55": [93.58114213476702], "56": [83.79636768150317], "57": [88.34198313907848], "58": [96.3941995263865], "59": [112.6829770852084], "60": [105.99807835715065], "61": [96.23422455875321], "62": [108.52093161188354], "63": [104.39982241843154], "64": [108.67940475217233], "65": [117.1113104868363], "66": [103.26235880800388], "67": [123.3199375277309], "68": [115.92320247354101], "69": [129.14525206518022], "70": [103.05508708165675], "71": [107.57799892695805], "72": [135.25085938078107], "73": [137.34915147951665], "74": [139.6316990848181], "75": [109.33420336508524], "76": [128.39858790516783], "77": [153.43372002435368], "78": [138.52686170606793], "79": [131.5270383167065], "80": [147.99527917947788], "81": [128.63025969055334], "82": [135.92049961439878], "83": [156.78865516408092], "84": [131.74322712116063], "85": [129.53976466635154], "86": [153.80605985461736], "87": [134.15376865661665], "88": [140.65124021908065], "89": [141.21173539648794], "90": [152.95965304810528], "91": [165.0552843233155], "92": [152.7897675412158], "93": [162.59632988840596], "94": [134.39060079650608], "95": [147.65369006523787], "96": [146.2975751075353], "97": [161.85538187174865], "98": [138.95045006811708], "99": [142.2336984776433], "100": [142.18425812268916], "101": [145.96134424158402], "102": [168.18190888714227], "103": [158.87583366856927], "104": [140.66209793625694], "105": [161.73679251670444], "106": [140.17495012763004], "107": [146.52676378524478], "108": [153.42368883470178], "109": [140.1086802667276], "110": [159.60663721190144], "111": [168.3854322118861], "112": [167.36789601201775], "113": [166.80936482367088], "114": [178.05950080525832], "115": [167.13404698024945], "116": [169.3050929227337], "117": [156.0658359719256], "118": [162.41644348906533], "119": [177.49750489092364], "120": [172.7567208544417], "121": [176.54827994573418], "122": [140.80714680742102], "123": [168.350258164202], "124": [161.5948334022733], "125": [164.11163139391613], "126": [155.6209982531116], "127": [157.6646533264022], "128": [161.82592313510008], "129": [155.73955587494154], "130": [158.09795870825582], "131": [165.62137314390293], "132": [154.3790770878699], "133": [174.11620431247673], "134": [165.73109332442544], "135": [181.4007688711953], "136": [178.93714905104358], "137": [157.28144317513096], "138": [169.94318460203596], "139": [164.09400240283637], "140": [168.44378391560986], "141": [159.5356893191161], "142": [160.4975497968871], "143": [176.51983908518795], "144": [180.3197977105727], "145": [195.62099910288347], "146": [182.69545934766288], "147": [192.56024860144194], "148": [178.78840795787931], "149": [165.36739103836715], "150": [176.36705797925055], "151": [191.4020097533665], "152": [178.81244701260582], "153": [167.52167734235903], "154": [177.54256576246178], "155": [190.12566775933047], "156": [172.0240852821128], "157": [175.61903926099367], "158": [176.11370404069947], "159": [176.19379472499944], "160": [171.5974877291387], "161": [166.0827944178628], "162": [176.5558606942719], "163": [187.7051789722091], "164": [163.83292836356952], "165": [167.24973684352756], "166": [183.54923565802505], "167": [190.4501446266165], "168": [179.80964083569967], "169": [184.22043739043318], "170": [169.70670569317272], "171": [188.18535492843924], "172": [185.9972266319862], "173": [176.0672735688062], "174": [193.25875681620695], "175": [184.21992812848148], "176": [181.29446236371817], "177": [180.11347273983682], "178": [185.74162309379673], "179": [191.85236786561453], "180": [183.87753406916127], "181": [172.04039604889311], "182": [188.61455231159925], "183": [199.57802170306186], "184": [191.81012802348667], "185": [195.99896072462832], "186": [182.75936230377243], "187": [193.89499422360169], "188": [185.27487435361326], "189": [203.09816151247173], "190": [192.3831728705563], "191": [191.31190128161302], "192": [177.87908149381457], "193": [182.8497650389806], "194": [178.8187053646836], "195": [189.0444425627231], "196": [185.90227804746394], "197": [170.14130238782084], "198": [170.54852027330085], "199": [181.24856052120884], "200": [179.36746863788147], "201": [178.0353048043941], "202": [188.83018972028486], "203": [170.5278734891758], "204": [189.04774557830845], "205": [187.73647725329567], "206": [169.43128001162052], "207": [169.73620079964334], "208": [165.7628049130014], "209": [188.117444921957], "210": [180.2820485857474], "211": [184.3805692247392], "212": [181.84514757194796], "213": [186.0300408406619], "214": [182.29946477171117], "215": [192.42353590114996], "216": [186.89874377902686], "217": [178.33156734923864], "218": [183.41053670549786], "219": [176.80006418513295], "220": [178.03211028740242], "221": [180.32523876865716], "222": [181.8982442707024], "223": [168.9826600886849], "224": [163.60737358626514], "225": [171.14831564964175], "226": [182.55314120273687], "227": [163.7056533255923], "228": [174.94177649789998], "229": [157.97901833652708], "230": [159.47426718562977], "231": [185.31706662131592], "232": [176.86474451279565], "233": [183.0430749282543], "234": [165.43631564152602], "235": [187.37295617158912], "236": [170.9666405315288], "237": [169.60728901502435], "238": [177.38490400111536], "239": [175.22928875669024], "240": [188.16435042313998], "241": [184.86085963829098], "242": [167.82579694845631], "243": [180.4205220789719], "244": [168.2988428431613], "245": [181.4617356557146], "246": [177.2078200179765], "247": [170.05838187427545], "248": [173.4451902660709], "249": [170.8881553891723], "250": [171.91946764779695], "251": [176.94374791489807], "252": [178.3765693853249], "253": [183.43161250485537], "254": [179.46165434548598], "255": [175.38576123669247], "256": [180.35506712519128], "257": [178.6516066526115], "258": [188.18444524729648], "259": [179.79785836777046], "260": [178.51068189682374], "261": [182.54535698127188], "262": [182.42935320786606], "263": [175.62406879575886], "264": [183.79409498544697], "265": [176.018793193019], "266": [183.89113011764738], "267": [174.5286001643943], "268": [184.3552228249249], "269": [201.18093276278088], "270": [190.47566598494592], "271": [182.29999302082172], "272": [184.07488227006192], "273": [210.68347072283336], "274": [183.1026237405721], "275": [190.750576749115], "276": [187.52592169265492], "277": [178.96485978831052], "278": [184.23678407952195], "279": [193.04470376843747], "280": [203.78000271691548], "281": [189.431791589183], "282": [174.6023642950396], "283": [201.00761461110753],